oasgames.com.,A,66.55.147.148,64.237.62.3,
aipt.oasgames.com.,CNAME,OMDP-elb-1773868844.us-east-1.elb.amazonaws.com,
akar.oasgames.com.,CNAME,ODP-ELB-687878703.us-east-1.elb.amazonaws.com,
akes.oasgames.com.,CNAME,ODP-ELB-687878703.us-east-1.elb.amazonaws.com,
akpl.oasgames.com.,CNAME,ODP-ELB-687878703.us-east-1.elb.amazonaws.com,
aktr.oasgames.com.,CNAME,ODP-ELB-687878703.us-east-1.elb.amazonaws.com,
api_mobile.oasgames.com.,CNAME,OMDP-elb-1773868844.us-east-1.elb.amazonaws.com,
botpt.oasgames.com.,CNAME,ODP-ELB-687878703.us-east-1.elb.amazonaws.com,
c.oasgames.com.,A,64.237.62.3,
caes.oasgames.com.,CNAME,ODP-ELB-687878703.us-east-1.elb.amazonaws.com,
catr.oasgames.com.,CNAME,ODP-ELB-687878703.us-east-1.elb.amazonaws.com,
company.oasgames.com.,A,64.237.62.3,
test.company.oasgames.com.,A,64.237.62.3,
corporate.oasgames.com.,A,64.237.62.3,
ddtes.oasgames.com.,CNAME,ODP-ELB-687878703.us-east-1.elb.amazonaws.com,
ap.dmp.oasgames.com.,CNAME,elb-oas-dmp-singapore-1273079339.ap-southeast-1.elb.amazonaws.com,
eu.dmp.oasgames.com.,CNAME,elb-oas-dmp-frankfurt-1347735380.eu-central-1.elb.amazonaws.com,
us.dmp.oasgames.com.,CNAME,elb-oas-dmp-vg-2094243792.us-east-1.elb.amazonaws.com,
eoept.oasgames.com.,CNAME,ODP-ELB-687878703.us-east-1.elb.amazonaws.com,
event.oasgames.com.,A,64.237.62.3,
goges.oasgames.com.,CNAME,ODP-ELB-687878703.us-east-1.elb.amazonaws.com,
gogpl.oasgames.com.,CNAME,ODP-ELB-687878703.us-east-1.elb.amazonaws.com,
gtest.oasgames.com.,CNAME,ODP-ELB-687878703.us-east-1.elb.amazonaws.com,
irpt.oasgames.com.,CNAME,ODP-ELB-687878703.us-east-1.elb.amazonaws.com,
istriketr.oasgames.com.,CNAME,ODP-ELB-687878703.us-east-1.elb.amazonaws.com,
katr.oasgames.com.,CNAME,ODP-ELB-687878703.us-east-1.elb.amazonaws.com,
ksde.oasgames.com.,CNAME,ODP-ELB-687878703.us-east-1.elb.amazonaws.com,
kspt.oasgames.com.,CNAME,ODP-ELB-687878703.us-east-1.elb.amazonaws.com,
lees.oasgames.com.,CNAME,ODP-ELB-687878703.us-east-1.elb.amazonaws.com,
lept.oasgames.com.,CNAME,ODP-ELB-687878703.us-east-1.elb.amazonaws.com,
leru.oasgames.com.,CNAME,ODP-ELB-687878703.us-east-1.elb.amazonaws.com,
loar.oasgames.com.,CNAME,elb-oas-odp-tmp-8512455.us-east-1.elb.amazonaws.com,
loel.oasgames.com.,CNAME,ODP-ELB-687878703.us-east-1.elb.amazonaws.com,
lofr.oasgames.com.,CNAME,ODP-ELB-687878703.us-east-1.elb.amazonaws.com,
loit.oasgames.com.,CNAME,ODP-ELB-687878703.us-east-1.elb.amazonaws.com,
loru.oasgames.com.,CNAME,ODP-ELB-687878703.us-east-1.elb.amazonaws.com,
m.oasgames.com.,CNAME,OMDP-elb-1773868844.us-east-1.elb.amazonaws.com,
maktr.oasgames.com.,CNAME,OMDP-elb-1773868844.us-east-1.elb.amazonaws.com,
malen.oasgames.com.,CNAME,OMDP-elb-1773868844.us-east-1.elb.amazonaws.com,
maltr.oasgames.com.,CNAME,OMDP-elb-1773868844.us-east-1.elb.amazonaws.com,
maoven.oasgames.com.,CNAME,omdp-elb-1773868844.us-east-1.elb.amazonaws.com,
mbbpt.oasgames.com.,CNAME,OMDP-elb-1773868844.us-east-1.elb.amazonaws.com,
mbcde.oasgames.com.,CNAME,omdp-elb-1773868844.us-east-1.elb.amazonaws.com,
mcobde.oasgames.com.,CNAME,OMDP-elb-1773868844.us-east-1.elb.amazonaws.com,
mcoben.oasgames.com.,CNAME,OMDP-elb-1773868844.us-east-1.elb.amazonaws.com,
mcobfr.oasgames.com.,CNAME,OMDP-elb-1773868844.us-east-1.elb.amazonaws.com,
mcobru.oasgames.com.,CNAME,OMDP-elb-1773868844.us-east-1.elb.amazonaws.com,
mcobtr.oasgames.com.,CNAME,OMDP-elb-1773868844.us-east-1.elb.amazonaws.com,
mcwde.oasgames.com.,CNAME,OMDP-elb-1773868844.us-east-1.elb.amazonaws.com,
mdupt.oasgames.com.,CNAME,OMDP-elb-1773868844.us-east-1.elb.amazonaws.com,
mglpt.oasgames.com.,CNAME,OMDP-elb-1773868844.us-east-1.elb.amazonaws.com,
mgltr.oasgames.com.,CNAME,OMDP-elb-1773868844.us-east-1.elb.amazonaws.com,
mhres.oasgames.com.,CNAME,OMDP-elb-1773868844.us-east-1.elb.amazonaws.com,
mihtr.oasgames.com.,CNAME,OMDP-elb-1773868844.us-east-1.elb.amazonaws.com,
mini-client.oasgames.com.,A,66.55.147.148,64.237.62.3,
mjmpt.oasgames.com.,CNAME,OMDP-elb-1773868844.us-east-1.elb.amazonaws.com,
mjmtr.oasgames.com.,CNAME,OMDP-elb-1773868844.us-east-1.elb.amazonaws.com,
mlobr.oasgames.com.,CNAME,OMDP-elb-1773868844.us-east-1.elb.amazonaws.com,
mlocbr.oasgames.com.,CNAME,OMDP-elb-1773868844.us-east-1.elb.amazonaws.com,
mlocpt.oasgames.com.,CNAME,OMDP-elb-1773868844.us-east-1.elb.amazonaws.com,
mloctr.oasgames.com.,CNAME,OMDP-elb-1773868844.us-east-1.elb.amazonaws.com,
mlode.oasgames.com.,CNAME,OMDP-elb-1773868844.us-east-1.elb.amazonaws.com,
mloen.oasgames.com.,CNAME,OMDP-elb-1773868844.us-east-1.elb.amazonaws.com,
mloes.oasgames.com.,CNAME,OMDP-elb-1773868844.us-east-1.elb.amazonaws.com,
mloit.oasgames.com.,CNAME,OMDP-elb-1773868844.us-east-1.elb.amazonaws.com,
mlonl.oasgames.com.,CNAME,OMDP-elb-1773868844.us-east-1.elb.amazonaws.com,
mlopl.oasgames.com.,CNAME,OMDP-elb-1773868844.us-east-1.elb.amazonaws.com,
mloru.oasgames.com.,CNAME,OMDP-elb-1773868844.us-east-1.elb.amazonaws.com,
mlosv.oasgames.com.,CNAME,OMDP-elb-1773868844.us-east-1.elb.amazonaws.com,
mlotr.oasgames.com.,CNAME,OMDP-elb-1773868844.us-east-1.elb.amazonaws.com,
mlotw.oasgames.com.,CNAME,OMDP-elb-1773868844.us-east-1.elb.amazonaws.com,
mlyde.oasgames.com.,CNAME,OMDP-elb-1773868844.us-east-1.elb.amazonaws.com,
mmwftr.oasgames.com.,CNAME,OMDP-elb-1773868844.us-east-1.elb.amazonaws.com,
mnblen.oasgames.com.,CNAME,OMDP-elb-1773868844.us-east-1.elb.amazonaws.com,
mnblpt.oasgames.com.,CNAME,OMDP-elb-1773868844.us-east-1.elb.amazonaws.com,
mob.oasgames.com.,CNAME,OMDP-elb-1773868844.us-east-1.elb.amazonaws.com,
mobile.oasgames.com.,CNAME,OMDP-elb-1773868844.us-east-1.elb.amazonaws.com,
admin.mobile.oasgames.com.,CNAME,OMDP-elb-1773868844.us-east-1.elb.amazonaws.com,
admin2.mobile.oasgames.com.,CNAME,OMDP-elb-1773868844.us-east-1.elb.amazonaws.com,
api.mobile.oasgames.com.,CNAME,OMDP-elb-1773868844.us-east-1.elb.amazonaws.com,
apisdk-mini.mobile.oasgames.com.,CNAME,OMDP-elb-1773868844.us-east-1.elb.amazonaws.com,
apisdkaws.mobile.oasgames.com.,CNAME,OMDP-elb-1773868844.us-east-1.elb.amazonaws.com,
sandbox.mobile.oasgames.com.,CNAME,OMDP-elb-1773868844.us-east-1.elb.amazonaws.com,
moo.oasgames.com.,CNAME,OMDP-elb-1773868844.us-east-1.elb.amazonaws.com,
moode.oasgames.com.,CNAME,OMDP-elb-1773868844.us-east-1.elb.amazonaws.com,
mooen.oasgames.com.,CNAME,OMDP-elb-1773868844.us-east-1.elb.amazonaws.com,
mooru.oasgames.com.,CNAME,OMDP-elb-1773868844.us-east-1.elb.amazonaws.com,
mpay.oasgames.com.,CNAME,OMDP-elb-1773868844.us-east-1.elb.amazonaws.com,
mphde.oasgames.com.,CNAME,OMDP-elb-1773868844.us-east-1.elb.amazonaws.com,
mrmtr.oasgames.com.,CNAME,OMDP-elb-1773868844.us-east-1.elb.amazonaws.com,
msaen.oasgames.com.,CNAME,OMDP-elb-1773868844.us-east-1.elb.amazonaws.com,
msb.oasgames.com.,CNAME,OMDP-elb-1773868844.us-east-1.elb.amazonaws.com,
msfen.oasgames.com.,CNAME,OMDP-elb-1773868844.us-east-1.elb.amazonaws.com,
mstpt.oasgames.com.,CNAME,OMDP-elb-1773868844.us-east-1.elb.amazonaws.com,
mstwpt.oasgames.com.,CNAME,OMDP-elb-1773868844.us-east-1.elb.amazonaws.com,
mstwtr.oasgames.com.,CNAME,OMDP-elb-1773868844.us-east-1.elb.amazonaws.com,
mtbpt.oasgames.com.,CNAME,OMDP-elb-1773868844.us-east-1.elb.amazonaws.com,
mtcen.oasgames.com.,CNAME,OMDP-elb-1773868844.us-east-1.elb.amazonaws.com,
mtcfr.oasgames.com.,CNAME,OMDP-elb-1773868844.us-east-1.elb.amazonaws.com,
mtcru.oasgames.com.,CNAME,OMDP-elb-1773868844.us-east-1.elb.amazonaws.com,
mtktr.oasgames.com.,CNAME,OMDP-elb-1773868844.us-east-1.elb.amazonaws.com,
mtsen.oasgames.com.,CNAME,OMDP-elb-1773868844.us-east-1.elb.amazonaws.com,
mtstrike.oasgames.com.,CNAME,OMDP-elb-1773868844.us-east-1.elb.amazonaws.com,
mtstrikeen.oasgames.com.,CNAME,OMDP-elb-1773868844.us-east-1.elb.amazonaws.com,
mtstrikeru.oasgames.com.,CNAME,OMDP-elb-1773868844.us-east-1.elb.amazonaws.com,
mwcen.oasgames.com.,CNAME,OMDP-elb-1773868844.us-east-1.elb.amazonaws.com,
mwpt.oasgames.com.,CNAME,ODP-ELB-687878703.us-east-1.elb.amazonaws.com,
mwtr.oasgames.com.,CNAME,ODP-ELB-687878703.us-east-1.elb.amazonaws.com,
naruto-en-cs.oasgames.com.,CNAME,elb-naruto-webserver-1111910454.ap-southeast-1.elb.amazonaws.com,
naruto-en-cst-login.oasgames.com.,CNAME,elb-naruto-front-1087248393.ap-southeast-1.elb.amazonaws.com,
naruto-en-cst-midas.oasgames.com.,CNAME,elb-naruto-midas-cgi-1432201942.ap-southeast-1.elb.amazonaws.com,
naruto-en-cst-svr1.oasgames.com.,CNAME,elb-naruto-gameserver1-153536165.ap-southeast-1.elb.amazonaws.com,
naruto-en-cst-svr10.oasgames.com.,CNAME,elb-naruto-gameserver10-841596642.ap-southeast-1.elb.amazonaws.com,
naruto-en-cst-svr11.oasgames.com.,CNAME,elb-naruto-gameserver11-218169724.ap-southeast-1.elb.amazonaws.com,
naruto-en-cst-svr12.oasgames.com.,CNAME,elb-naruto-gameserver12-727789578.ap-southeast-1.elb.amazonaws.com,
naruto-en-cst-svr13.oasgames.com.,CNAME,elb-naruto-gameserver13-1027591347.ap-southeast-1.elb.amazonaws.com,
naruto-en-cst-svr14.oasgames.com.,CNAME,elb-naruto-gameserver14-766200423.ap-southeast-1.elb.amazonaws.com,
naruto-en-cst-svr15.oasgames.com.,CNAME,elb-naruto-gameserver15-808438054.ap-southeast-1.elb.amazonaws.com,
naruto-en-cst-svr16.oasgames.com.,CNAME,elb-naruto-gameserver16-878057358.ap-southeast-1.elb.amazonaws.com,
naruto-en-cst-svr17.oasgames.com.,CNAME,elb-naruto-gameserver17-787544383.ap-southeast-1.elb.amazonaws.com,
naruto-en-cst-svr2.oasgames.com.,CNAME,elb-naruto-gameserver2-1278025466.ap-southeast-1.elb.amazonaws.com,
naruto-en-cst-svr3.oasgames.com.,CNAME,elb-naruto-gameserver3-474938648.ap-southeast-1.elb.amazonaws.com,
naruto-en-cst-svr4.oasgames.com.,CNAME,elb-naruto-gameserver4-674323478.ap-southeast-1.elb.amazonaws.com,
naruto-en-cst-svr5.oasgames.com.,CNAME,elb-naruto-gameserver5-1725576482.ap-southeast-1.elb.amazonaws.com,
naruto-en-cst-svr6.oasgames.com.,CNAME,elb-naruto-gameserver6-1374684127.ap-southeast-1.elb.amazonaws.com,
naruto-en-cst-svr7.oasgames.com.,CNAME,elb-naruto-gameserver7-1608541707.ap-southeast-1.elb.amazonaws.com,
naruto-en-cst-svr8.oasgames.com.,CNAME,elb-naruto-gameserver8-1525199578.ap-southeast-1.elb.amazonaws.com,
naruto-en-cst-svr9.oasgames.com.,CNAME,elb-naruto-gameserver9-811196872.ap-southeast-1.elb.amazonaws.com,
naruto-en-cst.oasgames.com.,CNAME,elb-naruto-webserver-1111910454.ap-southeast-1.elb.amazonaws.com,
naruto.oasgames.com.,CNAME,ODP-ELB-687878703.us-east-1.elb.amazonaws.com,
odp.oasgames.com.,CNAME,ODP-ELB-687878703.us-east-1.elb.amazonaws.com,
oktr.oasgames.com.,CNAME,ODP-ELB-687878703.us-east-1.elb.amazonaws.com,
passport.oasgames.com.,CNAME,passport-web-elb-1680692298.us-east-1.elb.amazonaws.com,
pay.oasgames.com.,CNAME,OAS-Pay-1414352875.us-east-1.elb.amazonaws.com,
epin.pay.oasgames.com.,CNAME,oas-pay-1414352875.us-east-1.elb.amazonaws.com,
plugins.oasgames.com.,A,64.237.62.3,66.55.147.148,
pwartr.oasgames.com.,CNAME,ODP-ELB-687878703.us-east-1.elb.amazonaws.com,
sctr.oasgames.com.,CNAME,ODP-ELB-687878703.us-east-1.elb.amazonaws.com,
slen.oasgames.com.,CNAME,ODP-ELB-687878703.us-east-1.elb.amazonaws.com,
sosde.oasgames.com.,CNAME,ODP-ELB-687878703.us-east-1.elb.amazonaws.com,
tools.oasgames.com.,A,64.237.62.3,66.55.147.148,
web-steam.oasgames.com.,A,66.55.147.148,64.237.62.3,
wftr.oasgames.com.,CNAME,ODP-ELB-687878703.us-east-1.elb.amazonaws.com,
zgtw.oasgames.com.,CNAME,ODP-ELB-687878703.us-east-1.elb.amazonaws.com,
sessiontest.ermaydani.com.,CNAME,OMDP-elb-1773868844.us-east-1.elb.amazonaws.com,
www.koips4.com.,CNAME,ODP-ELB-687878703.us-east-1.elb.amazonaws.com,
gogen.oasgames.com.,A,52.4.79.226,52.3.171.100,52.2.97.198,
gogtr.oasgames.com.,A,52.4.79.226,52.3.171.100,52.2.97.198,
mwen.oasgames.com.,A,52.4.79.226,52.3.171.100,52.2.97.198,
gogen.oasgames.com.,A,52.4.79.226,52.3.171.100,52.2.97.198,
gogtr.oasgames.com.,A,52.4.79.226,52.3.171.100,52.2.97.198,
mwen.oasgames.com.,A,52.4.79.226,52.3.171.100,52.2.97.198,
naruto-en-cst-res.oasgames.com.,A,52.220.60.134,52.220.60.139,
adjust.oasgames.com.,A,52.88.5.21,
a.akar.oasgames.com.,A,54.84.196.240,
a.akes.oasgames.com.,A,54.84.196.240,
a.akpl.oasgames.com.,A,54.84.196.240,
a.aktr.oasgames.com.,A,54.84.196.240,
all.oasgames.com.,A,52.25.124.174,
ar.oasgames.com.,A,52.25.124.174,
ask.oasgames.com.,A,52.27.245.68,
a.botpt.oasgames.com.,A,54.84.196.240,
br.oasgames.com.,A,52.25.124.174,
a.caes.oasgames.com.,A,54.84.196.240,
a.catr.oasgames.com.,A,54.84.196.240,
cdn2-client-naruto-pt.oasgames.com.,A,54.64.224.48,
cdn2-mini-client.oasgames.com.,A,54.64.224.48,
chatlive.oasgames.com.,A,52.24.73.40,
proxy.core.oasgames.com.,A,23.91.98.204,
proxy.core.oasgames.com.,A,23.91.97.171,
cps.oasgames.com.,A,52.27.225.236,
a.ddtes.oasgames.com.,A,54.84.196.240,
de.oasgames.com.,A,52.25.124.174,
report.dmp.oasgames.com.,A,52.202.100.215,
el.oasgames.com.,A,52.25.124.174,
en.oasgames.com.,A,52.25.124.174,
a.eoept.oasgames.com.,A,54.84.196.240,
es.oasgames.com.,A,52.25.124.174,
fbtrlogin.oasgames.com.,A,52.58.71.184,
flashloar.oasgames.com.,A,52.29.126.206,
fr.oasgames.com.,A,52.25.124.174,
game-act.oasgames.com.,A,52.25.124.174,
game-olympic.oasgames.com.,A,52.25.124.174,
gogen.oasgames.com.,A,52.4.79.226,52.3.171.100,52.2.97.198,
a.gogen.oasgames.com.,A,54.84.196.240,
a.goges.oasgames.com.,A,54.84.196.240,
a.gogpl.oasgames.com.,A,54.84.196.240,
gogtr.oasgames.com.,A,52.4.79.226,52.3.171.100,52.2.97.198,
a.gogtr.oasgames.com.,A,54.84.196.240,
a.gtest.oasgames.com.,A,54.84.196.240,
en.hyol.oasgames.com.,A,52.68.122.109,
pt.hyol.oasgames.com.,A,52.68.122.109,
a.irpt.oasgames.com.,A,54.84.196.240,
a.istriketr.oasgames.com.,A,54.84.196.240,
it.oasgames.com.,A,52.25.124.174,
a.katr.oasgames.com.,A,54.84.196.240,
a.koips4en.oasgames.com.,A,54.84.196.240,
a.koips4tw.oasgames.com.,A,54.84.196.240,
a.ksde.oasgames.com.,A,54.84.196.240,
a.kspt.oasgames.com.,A,54.84.196.240,
a.lees.oasgames.com.,A,54.84.196.240,
a.lepl.oasgames.com.,A,54.84.196.240,
a.lept.oasgames.com.,A,54.84.196.240,
a.leru.oasgames.com.,A,54.84.196.240,
loar-sign.oasgames.com.,A,52.25.124.174,
a.loar.oasgames.com.,A,54.84.196.240,
a2.lobr.oasgames.com.,A,54.84.196.240,
adm.lobr.oasgames.com.,A,54.84.196.240,
a2.lode.oasgames.com.,A,54.84.196.240,
a.loel.oasgames.com.,A,54.84.196.240,
a2.loes.oasgames.com.,A,54.84.196.240,
a.lofr.oasgames.com.,A,54.84.196.240,
a.loit.oasgames.com.,A,54.84.196.240,
a2.lonl.oasgames.com.,A,54.84.196.240,
a2.lopl.oasgames.com.,A,54.84.196.240,
a.loru.oasgames.com.,A,54.84.196.240,
a2.losv.oasgames.com.,A,54.84.196.240,
a2.lotr.oasgames.com.,A,54.84.196.240,
mba.oasgames.com.,A,52.27.211.13,
arapp.mobile.oasgames.com.,A,52.86.187.230,
channel-pool.mobile.oasgames.com.,A,54.174.83.29,
safety.mobile.oasgames.com.,A,52.86.187.230,
mon-elb-yw.oasgames.com.,A,23.91.97.171,
moo-source.oasgames.com.,A,54.64.224.48,
cdnaws.mtbpt.oasgames.com.,A,54.175.239.90,
mwen.oasgames.com.,A,52.4.79.226,52.3.171.100,52.2.97.198,
a.mwen.oasgames.com.,A,54.84.196.240,
a.mwpt.oasgames.com.,A,54.84.196.240,
a.mwtr.oasgames.com.,A,54.84.196.240,
naruto-en-cst-res.oasgames.com.,A,52.220.60.134,52.220.60.139,
cdn2.de.naruto.oasgames.com.,A,54.64.224.48,
cdn2.pt.naruto.oasgames.com.,A,54.64.224.48,
naruto_en_cst_bb.oasgames.com.,A,52.220.94.42,
a.narutode.oasgames.com.,A,54.84.196.240,
a.narutoen.oasgames.com.,A,54.84.196.240,
a.narutofr.oasgames.com.,A,54.84.196.240,
a.narutopt.oasgames.com.,A,54.84.196.240,
nl.oasgames.com.,A,52.25.124.174,
adm.odp.oasgames.com.,A,54.84.196.240,
assist0.ogddt.oasgames.com.,A,46.4.93.52,
a.oktr.oasgames.com.,A,54.84.196.240,
otp.oasgames.com.,A,54.65.113.182,
p.oasgames.com.,A,46.165.197.66,
adm.pay.oasgames.com.,A,52.70.122.221,
pl.oasgames.com.,A,52.25.124.174,
pt.oasgames.com.,A,52.25.124.174,
a.pwartr.oasgames.com.,A,54.84.196.240,
questog0.oasgames.com.,A,46.4.93.52,
reslepl.oasgames.com.,A,46.248.173.201,
resog0.oasgames.com.,A,46.4.93.52,
ru.oasgames.com.,A,52.25.124.174,
a.sctr.oasgames.com.,A,54.84.196.240,
shop.oasgames.com.,A,52.88.5.21,
adm.shop.oasgames.com.,A,52.88.5.21,
a.slen.oasgames.com.,A,54.84.196.240,
sog0.oasgames.com.,A,46.4.93.52,
a.sosde.oasgames.com.,A,54.84.196.240,
support.oasgames.com.,A,52.24.73.40,
adm.support.oasgames.com.,A,52.24.73.40,
survey.oasgames.com.,A,52.25.124.174,
sv.oasgames.com.,A,52.25.124.174,
tr.oasgames.com.,A,52.25.124.174,
tw.oasgames.com.,A,52.25.124.174,
vipcore.oasgames.com.,A,52.24.73.40,
adm.vipcore.oasgames.com.,A,52.24.73.40,
vipsac.oasgames.com.,A,52.86.187.230,
a.wftr.oasgames.com.,A,54.84.196.240,
a.zgtw.oasgames.com.,A,54.84.196.240,
zh.oasgames.com.,A,52.25.124.174,
awsziyuan-test.ermaydani.com.,A,52.29.60.156,
bmaws.ermaydani.com.,A,52.91.233.229,
cdn-resource.ermaydani.com.,A,52.91.233.229,
euaws.ermaydani.com.,A,52.29.60.156,
lp.ninjaol.com.,A,52.73.128.146,
apisdk.mobile.ninjaol.com.,A,52.73.128.146,
pay.ninjaol.com.,A,52.72.25.160,
naruto-online.tv.,A,52.27.245.68,
narutoonline.tv.,A,52.27.245.68,
adjust.oasgames.com.,A,52.88.5.21,
a.akar.oasgames.com.,A,54.84.196.240,
a.akes.oasgames.com.,A,54.84.196.240,
a.akpl.oasgames.com.,A,54.84.196.240,
a.aktr.oasgames.com.,A,54.84.196.240,
all.oasgames.com.,A,52.25.124.174,
ar.oasgames.com.,A,52.25.124.174,
ask.oasgames.com.,A,52.27.245.68,
assist0.oasgames.com.,A,124.205.35.143,
assist102sqpt.oasgames.com.,A,216.155.155.150,
assist103loar.oasgames.com.,A,185.19.219.212,
assist103sqsa.oasgames.com.,A,107.191.35.132,
assist104loar.oasgames.com.,A,185.19.217.218,
assist106sqna.oasgames.com.,A,216.155.155.152,
assist107sqsa.oasgames.com.,A,216.155.153.243,
assist108loar.oasgames.com.,A,185.19.217.218,
assist108pt.oasgames.com.,A,107.191.33.162,
assist10oas.oasgames.com.,A,107.191.35.86,
assist10sqpt.oasgames.com.,A,216.155.155.149,
assist114sqpt.oasgames.com.,A,216.155.155.147,
assist115oastr.oasgames.com.,A,185.19.217.44,
assist121oas.oasgames.com.,A,216.155.154.152,
assist127oas.oasgames.com.,A,216.155.154.152,
assist129sqsa.oasgames.com.,A,216.155.154.156,
assist12sqpt.oasgames.com.,A,216.155.155.150,
assist130sqpt.oasgames.com.,A,107.191.35.131,
assist135oastr.oasgames.com.,A,185.19.217.55,
assist140sqpt.oasgames.com.,A,216.155.154.149,
assist146oastr.oasgames.com.,A,185.19.217.49,
assist149oastr.oasgames.com.,A,185.19.217.55,
assist151sqsa.oasgames.com.,A,107.191.35.130,
assist156lotr.oasgames.com.,A,185.19.216.154,
assist157sqpt.oasgames.com.,A,107.191.34.92,
assist15sqsa.oasgames.com.,A,216.155.154.155,
assist16.oasgames.com.,A,107.191.35.83,
assist161lotr.oasgames.com.,A,185.19.216.156,
assist166loar.oasgames.com.,A,185.19.217.241,
assist167loar.oasgames.com.,A,185.19.217.241,
assist169sqpt.oasgames.com.,A,216.155.155.153,
assist173oas.oasgames.com.,A,107.191.35.86,
assist179oastr.oasgames.com.,A,185.19.216.157,
assist182sqeu.oasgames.com.,A,185.19.217.53,
assist182sqpt.oasgames.com.,A,107.191.35.134,
assist188oastr.oasgames.com.,A,185.19.217.55,
assist194lopl.oasgames.com.,A,185.19.219.254,
assist196lopl.oasgames.com.,A,185.19.219.254,
assist211sqsa.oasgames.com.,A,216.155.158.7,
assist212sqna.oasgames.com.,A,216.155.155.156,
assist213oastr.oasgames.com.,A,185.19.217.235,
assist214sqsa.oasgames.com.,A,216.155.158.8,
assist223oastr.oasgames.com.,A,185.19.217.249,
assist224oastr.oasgames.com.,A,185.19.217.249,
assist226sqpt.oasgames.com.,A,216.155.155.153,
assist236oastr.oasgames.com.,A,185.19.217.49,
assist237sqsa.oasgames.com.,A,107.191.35.21,
assist239oas.oasgames.com.,A,107.191.35.85,
assist239oastr.oasgames.com.,A,185.19.217.235,
assist242lopl.oasgames.com.,A,185.19.219.254,
assist247sqna.oasgames.com.,A,107.191.34.91,
assist24losv.oasgames.com.,A,185.19.217.242,
assist251sqsa.oasgames.com.,A,107.191.35.19,
assist254oas.oasgames.com.,A,216.155.137.243,
assist255oas.oasgames.com.,A,216.155.155.148,
assist256oastr.oasgames.com.,A,185.19.217.55,
assist257oastr.oasgames.com.,A,185.19.217.249,
assist25lode.oasgames.com.,A,185.19.217.52,
assist261oas.oasgames.com.,A,216.155.153.245,
assist262oastr.oasgames.com.,A,185.19.217.235,
assist268sqpt.oasgames.com.,A,216.155.155.154,
assist269lopl.oasgames.com.,A,185.19.217.204,
assist270lopl.oasgames.com.,A,185.19.217.204,
assist273oas.oasgames.com.,A,107.191.35.85,
assist27sqsa.oasgames.com.,A,107.191.34.45,
assist281oastr.oasgames.com.,A,185.19.217.235,
assist285oas.oasgames.com.,A,107.191.35.85,
assist287oas.oasgames.com.,A,216.155.155.157,
assist288sqsa.oasgames.com.,A,216.155.158.7,
assist291sqsa.oasgames.com.,A,216.155.158.13,
assist294oastr.oasgames.com.,A,185.19.216.157,
assist294sqsa.oasgames.com.,A,216.155.158.11,
assist298oas.oasgames.com.,A,107.191.34.100,
assist299sqpt.oasgames.com.,A,216.155.154.149,
assist2sqpt.oasgames.com.,A,107.191.34.92,
assist2testlosv.oasgames.com.,A,124.232.150.165,
assist302lopl.oasgames.com.,A,185.19.217.204,
assist303sqpt.oasgames.com.,A,216.155.155.147,
assist30lonl.oasgames.com.,A,185.19.217.236,
assist30sqpt.oasgames.com.,A,107.191.35.131,
assist313oastr.oasgames.com.,A,185.19.217.235,
assist314oastr.oasgames.com.,A,185.19.217.235,
assist318lotr.oasgames.com.,A,185.19.216.156,
assist325oastr.oasgames.com.,A,185.19.216.154,
assist326oastr.oasgames.com.,A,185.19.216.154,
assist327oas.oasgames.com.,A,107.191.35.85,
assist329sqsa.oasgames.com.,A,107.191.34.44,
assist333sqsa.oasgames.com.,A,107.191.34.99,
assist342sqsa.oasgames.com.,A,216.155.154.155,
assist348oas.oasgames.com.,A,107.191.35.86,
assist348sqna.oasgames.com.,A,107.191.35.83,
assist34lode.oasgames.com.,A,185.19.217.212,
assist356oas.oasgames.com.,A,216.155.155.155,
assist358oas.oasgames.com.,A,216.155.153.245,
assist359sqpt.oasgames.com.,A,216.155.155.149,
assist365oas.oasgames.com.,A,216.155.155.148,
assist365sqsa.oasgames.com.,A,216.155.154.148,
assist366oas.oasgames.com.,A,216.155.155.155,
assist372sqna.oasgames.com.,A,107.191.35.132,
assist374sqsa.oasgames.com.,A,107.191.35.133,
assist382oas.oasgames.com.,A,216.155.155.158,
assist384sqsa.oasgames.com.,A,107.191.32.172,
assist385oas.oasgames.com.,A,216.155.155.148,
assist386oas.oasgames.com.,A,216.155.155.155,
assist387oas.oasgames.com.,A,216.155.155.157,
assist38losv.oasgames.com.,A,185.19.217.242,
assist38oas.oasgames.com.,A,216.155.155.158,
assist403oas.oasgames.com.,A,216.155.155.155,
assist404oas.oasgames.com.,A,216.155.155.157,
assist404sqna.oasgames.com.,A,107.191.35.132,
assist405oas.oasgames.com.,A,216.155.155.158,
assist406oas.oasgames.com.,A,216.155.155.148,
assist406sqsa.oasgames.com.,A,107.191.35.130,
assist408lotr.oasgames.com.,A,185.19.216.154,
assist412sqna.oasgames.com.,A,107.191.35.87,
assist414oas.oasgames.com.,A,107.191.35.86,
assist428sqna.oasgames.com.,A,107.191.32.214,
assist430oas.oasgames.com.,A,216.155.155.148,
assist431oas.oasgames.com.,A,216.155.155.155,
assist432oas.oasgames.com.,A,216.155.155.158,
assist437sqsa.oasgames.com.,A,216.155.154.148,
assist438sqsa.oasgames.com.,A,107.191.35.88,
assist443sqsa.oasgames.com.,A,107.191.35.133,
assist444oas.oasgames.com.,A,107.191.35.86,
assist444sqna.oasgames.com.,A,107.191.35.14,
assist448oas.oasgames.com.,A,216.155.155.148,
assist449oas.oasgames.com.,A,216.155.155.155,
assist456oas.oasgames.com.,A,216.155.158.13,
assist457oas.oasgames.com.,A,107.191.35.22,
assist458oas.oasgames.com.,A,107.191.35.22,
assist468sqpt.oasgames.com.,A,216.155.155.154,
assist472oas.oasgames.com.,A,216.155.155.148,
assist473oas.oasgames.com.,A,216.155.155.155,
assist475sqsa.oasgames.com.,A,216.155.153.243,
assist476lotr.oasgames.com.,A,185.19.216.154,
assist479sqsa.oasgames.com.,A,216.155.154.156,
assist480sqna.oasgames.com.,A,216.155.158.9,
assist482oas.oasgames.com.,A,107.191.35.22,
assist483oas.oasgames.com.,A,107.191.35.22,
assist483sqpt.oasgames.com.,A,216.155.155.149,
assist485sqsa.oasgames.com.,A,107.191.35.20,
assist487oas.oasgames.com.,A,216.155.155.158,
assist487sqsa.oasgames.com.,A,107.191.35.22,
assist490lotr.oasgames.com.,A,185.19.217.206,
assist492lotr.oasgames.com.,A,185.19.217.206,
assist492oas.oasgames.com.,A,216.155.155.155,
assist492sqna.oasgames.com.,A,107.191.35.133,
assist493oas.oasgames.com.,A,216.155.155.148,
assist494lotr.oasgames.com.,A,185.19.216.155,
assist494sqsa.oasgames.com.,A,216.155.153.243,
assist496lotr.oasgames.com.,A,185.19.216.155,
assist498lotr.oasgames.com.,A,185.19.218.117,
assist498oas.oasgames.com.,A,107.191.35.86,
assist499oas.oasgames.com.,A,216.155.155.157,
assist4sqna.oasgames.com.,A,107.191.34.102,
assist5.oasgames.com.,A,107.191.35.14,
assist500oas.oasgames.com.,A,216.155.154.154,
assist500sqpt.oasgames.com.,A,216.155.155.154,
assist505oas.oasgames.com.,A,107.191.35.22,
assist508lotr.oasgames.com.,A,185.19.217.199,
assist509oas.oasgames.com.,A,216.155.155.158,
assist509sqpt.oasgames.com.,A,107.191.34.43,
assist50lode.oasgames.com.,A,185.19.217.212,
assist510sqpt.oasgames.com.,A,107.191.35.131,
assist511sqsa.oasgames.com.,A,107.191.32.172,
assist512lotr.oasgames.com.,A,185.19.217.219,
assist512sqsa.oasgames.com.,A,107.191.35.89,
assist513sqsa.oasgames.com.,A,107.191.32.174,
assist515oas.oasgames.com.,A,216.155.155.148,
assist515sqsa.oasgames.com.,A,107.191.35.89,
assist517sqsa.oasgames.com.,A,107.191.32.174,
assist519sqsa.oasgames.com.,A,107.191.34.102,
assist51sqpt.oasgames.com.,A,216.155.155.153,
assist51sqsa.oasgames.com.,A,107.191.35.19,
assist522sqpt.oasgames.com.,A,216.155.155.150,
assist523sqsa.oasgames.com.,A,107.191.34.101,
assist525sqsa.oasgames.com.,A,107.191.32.171,
assist526sqeu.oasgames.com.,A,185.19.217.39,
assist527sqsa.oasgames.com.,A,107.191.32.180,
assist528sqna.oasgames.com.,A,107.191.35.13,
assist529sqsa.oasgames.com.,A,107.191.32.213,
assist52lonl.oasgames.com.,A,185.19.217.236,
assist532sqeu.oasgames.com.,A,185.19.217.39,
assist534sqna.oasgames.com.,A,107.191.35.13,
assist53oastr.oasgames.com.,A,185.19.217.44,
assist544sqpt.oasgames.com.,A,216.155.155.149,
assist546sqna.oasgames.com.,A,216.155.158.9,
assist549lotr.oasgames.com.,A,185.19.217.220,
assist551sqsa.oasgames.com.,A,107.191.34.44,
assist553sqsa.oasgames.com.,A,107.191.34.45,
assist558sqpt.oasgames.com.,A,216.155.155.150,
assist55lode.oasgames.com.,A,185.19.217.212,
assist55sqpt.oasgames.com.,A,107.191.35.134,
assist565sqsa.oasgames.com.,A,107.191.35.132,
assist566sqpt.oasgames.com.,A,216.155.155.150,
assist567sqpt.oasgames.com.,A,216.155.155.153,
assist571sqsa.oasgames.com.,A,216.155.158.8,
assist573sqpt.oasgames.com.,A,107.191.34.43,
assist573sqsa.oasgames.com.,A,107.191.35.20,
assist587sqpt.oasgames.com.,A,107.191.35.131,
assist589sqpt.oasgames.com.,A,216.155.154.149,
assist591sqpt.oasgames.com.,A,216.155.155.147,
assist596sqpt.oasgames.com.,A,216.155.155.150,
assist59sqpt.oasgames.com.,A,107.191.34.43,
assist5sqeu.oasgames.com.,A,185.19.217.226,
assist6.oasgames.com.,A,107.191.35.83,
assist600sqna.oasgames.com.,A,107.191.32.179,
assist600sqpt.oasgames.com.,A,216.155.154.149,
assist605sqsa.oasgames.com.,A,216.155.154.148,
assist606sqpt.oasgames.com.,A,216.155.155.150,
assist610sqpt.oasgames.com.,A,107.191.35.131,
assist611sqpt.oasgames.com.,A,216.155.155.147,
assist611sqsa.oasgames.com.,A,216.155.154.155,
assist613sqsa.oasgames.com.,A,107.191.35.133,
assist616sqsa.oasgames.com.,A,107.191.34.44,
assist617sqna.oasgames.com.,A,107.191.35.13,
assist623sqsa.oasgames.com.,A,216.155.154.156,
assist624lotr.oasgames.com.,A,185.19.217.220,
assist625sqpt.oasgames.com.,A,216.155.155.147,
assist627sqpt.oasgames.com.,A,107.191.35.131,
assist628sqsa.oasgames.com.,A,107.191.32.171,
assist635sqpt.oasgames.com.,A,216.155.155.150,
assist638sqpt.oasgames.com.,A,216.155.155.147,
assist63lode.oasgames.com.,A,185.19.217.212,
assist643sqsa.oasgames.com.,A,107.191.32.171,
assist647lotr.oasgames.com.,A,185.19.217.199,
assist647sqna.oasgames.com.,A,107.191.35.13,
assist647sqpt.oasgames.com.,A,107.191.35.131,
assist648lotr.oasgames.com.,A,185.19.217.206,
assist649lotr.oasgames.com.,A,185.19.217.219,
assist64oas.oasgames.com.,A,216.155.155.158,
assist650lotr.oasgames.com.,A,185.19.216.155,
assist651lotr.oasgames.com.,A,185.19.218.117,
assist653sqsa.oasgames.com.,A,107.191.32.172,
assist659sqsa.oasgames.com.,A,107.191.32.174,
assist65oastr.oasgames.com.,A,185.19.216.157,
assist661sqsa.oasgames.com.,A,107.191.32.174,
assist663sqsa.oasgames.com.,A,107.191.32.213,
assist674sqsa.oasgames.com.,A,107.191.35.20,
assist675sqeu.oasgames.com.,A,185.19.217.39,
assist678sqsa.oasgames.com.,A,216.155.158.8,
assist680lotr.oasgames.com.,A,185.19.217.199,
assist694sqsa.oasgames.com.,A,107.191.35.89,
assist697sqna.oasgames.com.,A,107.191.35.13,
assist705sqna.oasgames.com.,A,107.191.32.179,
assist708sqsa.oasgames.com.,A,107.191.34.44,
assist717sqna.oasgames.com.,A,216.155.155.152,
assist720lotr.oasgames.com.,A,185.19.216.156,
assist721lotr.oasgames.com.,A,185.19.216.154,
assist723lotr.oasgames.com.,A,185.19.216.154,
assist724lotr.oasgames.com.,A,185.19.217.199,
assist725lotr.oasgames.com.,A,185.19.217.206,
assist733sqna.oasgames.com.,A,107.191.35.133,
assist73oas.oasgames.com.,A,216.155.155.157,
assist752sqsa.oasgames.com.,A,107.191.32.171,
assist754sqsa.oasgames.com.,A,107.191.32.174,
assist766sqsa.oasgames.com.,A,107.191.35.20,
assist767sqeu.oasgames.com.,A,185.19.217.39,
assist768sqsa.oasgames.com.,A,107.191.35.89,
assist776sqsa.oasgames.com.,A,107.191.32.172,
assist782sqsa.oasgames.com.,A,216.155.154.155,
assist784sqsa.oasgames.com.,A,216.155.154.156,
assist789sqsa.oasgames.com.,A,107.191.34.44,
assist794sqsa.oasgames.com.,A,107.191.35.20,
assist810sqsa.oasgames.com.,A,107.191.32.174,
assist812sqsa.oasgames.com.,A,216.155.154.155,
assist842sqsa.oasgames.com.,A,216.155.154.155,
assist862sqsa.oasgames.com.,A,107.191.35.20,
assist875sqsa.oasgames.com.,A,107.191.34.44,
assist883sqsa.oasgames.com.,A,216.155.154.155,
assist885sqsa.oasgames.com.,A,107.191.35.20,
assist895sqsa.oasgames.com.,A,107.191.32.174,
assist896sqna.oasgames.com.,A,107.191.34.99,
assist89oas.oasgames.com.,A,216.155.155.148,
assist9.oasgames.com.,A,107.191.35.22,
assist9oastr.oasgames.com.,A,185.19.216.157,
assist9sqsa.oasgames.com.,A,216.155.153.243,
assisttest2lonl.oasgames.com.,A,124.205.66.72,
autopatch.oasgames.com.,A,185.19.217.30,
s0.bmar.oasgames.com.,A,175.6.128.241,
a.botpt.oasgames.com.,A,54.84.196.240,
br.oasgames.com.,A,52.25.124.174,
a.caes.oasgames.com.,A,54.84.196.240,
capl.oasgames.com.,A,185.19.216.50,
a.catr.oasgames.com.,A,54.84.196.240,
cdn2-client-naruto-pt.oasgames.com.,A,54.64.224.48,
cdn2-mini-client.oasgames.com.,A,54.64.224.48,
chatlive.oasgames.com.,A,52.24.73.40,
clientirpt.oasgames.com.,A,216.155.154.147,
confluence.oasgames.com.,A,101.251.246.206,
proxy.core.oasgames.com.,A,23.91.98.204,
proxy.core.oasgames.com.,A,23.91.97.171,
cps.oasgames.com.,A,52.27.225.236,
a.ddtes.oasgames.com.,A,54.84.196.240,
ddtgame0.oasgames.com.,A,124.205.35.143,
de.oasgames.com.,A,52.25.124.174,
report.dmp.oasgames.com.,A,52.202.100.215,
download1.oasgames.com.,A,185.19.218.46,
el.oasgames.com.,A,52.25.124.174,
en.oasgames.com.,A,52.25.124.174,
a.eoept.oasgames.com.,A,54.84.196.240,
eoepts1.oasgames.com.,A,216.155.154.151,
eoepts2.oasgames.com.,A,216.155.154.151,
eoepts3.oasgames.com.,A,216.155.154.151,
eoepts4.oasgames.com.,A,216.155.154.151,
eoepts5.oasgames.com.,A,216.155.154.151,
es.oasgames.com.,A,52.25.124.174,
a2.fbtr.oasgames.com.,A,216.155.147.13,
fbtrlogin.oasgames.com.,A,52.58.71.184,
flashloar.oasgames.com.,A,52.29.126.206,
fr.oasgames.com.,A,52.25.124.174,
fstr.oasgames.com.,A,185.19.217.234,
game-act.oasgames.com.,A,52.25.124.174,
game-olympic.oasgames.com.,A,52.25.124.174,
gameresourceskatr.oasgames.com.,A,185.19.219.229,
gogen.oasgames.com.,A,52.4.79.226,52.3.171.100,52.2.97.198,
a.gogen.oasgames.com.,A,54.84.196.240,
a.goges.oasgames.com.,A,54.84.196.240,
a.gogpl.oasgames.com.,A,54.84.196.240,
gogtr.oasgames.com.,A,52.4.79.226,52.3.171.100,52.2.97.198,
a.gogtr.oasgames.com.,A,54.84.196.240,
a.gtest.oasgames.com.,A,54.84.196.240,
en.hyol.oasgames.com.,A,52.68.122.109,
pt.hyol.oasgames.com.,A,52.68.122.109,
a.irpt.oasgames.com.,A,54.84.196.240,
a.istriketr.oasgames.com.,A,54.84.196.240,
it.oasgames.com.,A,52.25.124.174,
jira.oasgames.com.,A,101.251.246.206,
a.katr.oasgames.com.,A,54.84.196.240,
a.koips4en.oasgames.com.,A,54.84.196.240,
a.koips4tw.oasgames.com.,A,54.84.196.240,
a.ksde.oasgames.com.,A,54.84.196.240,
a.kspt.oasgames.com.,A,54.84.196.240,
gm.kspt.oasgames.com.,A,216.155.155.163,
a.lees.oasgames.com.,A,54.84.196.240,
a.lepl.oasgames.com.,A,54.84.196.240,
a.lept.oasgames.com.,A,54.84.196.240,
a.leru.oasgames.com.,A,54.84.196.240,
loar-sign.oasgames.com.,A,52.25.124.174,
a.loar.oasgames.com.,A,54.84.196.240,
a2.lobr.oasgames.com.,A,54.84.196.240,
adm.lobr.oasgames.com.,A,54.84.196.240,
a2.lode.oasgames.com.,A,54.84.196.240,
a.loel.oasgames.com.,A,54.84.196.240,
loes.oasgames.com.,A,216.155.142.130,216.155.142.131,
a.loes.oasgames.com.,A,216.155.142.131,
a2.loes.oasgames.com.,A,54.84.196.240,
a.lofr.oasgames.com.,A,54.84.196.240,
loginletr.oasgames.com.,A,185.19.217.205,
loginpaycapl.oasgames.com.,A,185.19.217.246,
loginpaykspt.oasgames.com.,A,216.155.155.165,
a.loit.oasgames.com.,A,54.84.196.240,
a2.lonl.oasgames.com.,A,54.84.196.240,
lopl.oasgames.com.,A,216.155.142.131,216.155.142.130,
a.lopl.oasgames.com.,A,216.155.142.131,
a2.lopl.oasgames.com.,A,54.84.196.240,
a.loru.oasgames.com.,A,54.84.196.240,
losv.oasgames.com.,A,185.19.216.50,
a2.losv.oasgames.com.,A,54.84.196.240,
a2.lotr.oasgames.com.,A,54.84.196.240,
s1.makrt.oasgames.com.,A,185.19.219.235,
s2.makrt.oasgames.com.,A,185.19.219.236,
s3.makrt.oasgames.com.,A,185.19.219.236,
trproxy.makrt.oasgames.com.,A,185.19.219.230,
s1.maktr.oasgames.com.,A,185.19.219.235,
mba.oasgames.com.,A,52.27.211.13,
gc.mbbpt.oasgames.com.,A,216.155.158.5,
game3.mcobde.oasgames.com.,A,185.19.217.202,
game6.mcobde.oasgames.com.,A,185.19.217.236,
testverios.mhres.oasgames.com.,A,107.191.32.212,
arapp.mobile.oasgames.com.,A,52.86.187.230,
channel-pool.mobile.oasgames.com.,A,54.174.83.29,
safety.mobile.oasgames.com.,A,52.86.187.230,
mon-elb-yw.oasgames.com.,A,23.91.97.171,
moo-source.oasgames.com.,A,54.64.224.48,
serverlist.mstpt.oasgames.com.,A,124.205.66.69,
cdnaws.mtbpt.oasgames.com.,A,54.175.239.90,
mwen.oasgames.com.,A,52.4.79.226,52.3.171.100,52.2.97.198,
a.mwen.oasgames.com.,A,54.84.196.240,
a.mwpt.oasgames.com.,A,54.84.196.240,
a.mwtr.oasgames.com.,A,54.84.196.240,
naruto-en-cst-res.oasgames.com.,A,52.220.60.134,52.220.60.139,
cdn2.de.naruto.oasgames.com.,A,54.64.224.48,
cdn2.pt.naruto.oasgames.com.,A,54.64.224.48,
naruto_en_cst_bb.oasgames.com.,A,52.220.94.42,
a.narutode.oasgames.com.,A,54.84.196.240,
a.narutoen.oasgames.com.,A,54.84.196.240,
a.narutofr.oasgames.com.,A,54.84.196.240,
narutopt.oasgames.com.,A,216.155.158.5,
a.narutopt.oasgames.com.,A,54.84.196.240,
nl.oasgames.com.,A,52.25.124.174,
oa.oasgames.com.,A,124.205.35.146,
adm.odp.oasgames.com.,A,54.84.196.240,
assist0.ogddt.oasgames.com.,A,46.4.93.52,
a.oktr.oasgames.com.,A,54.84.196.240,
otp.oasgames.com.,A,54.65.113.182,
p.oasgames.com.,A,46.165.197.66,
adm.pay.oasgames.com.,A,52.70.122.221,
pl.oasgames.com.,A,52.25.124.174,
proxy-cn.oasgames.com.,A,106.75.7.207,
pt.oasgames.com.,A,52.25.124.174,
pttest.oasgames.com.,A,124.205.35.154,
a.pwartr.oasgames.com.,A,54.84.196.240,
quest0.oasgames.com.,A,124.205.35.143,
quest16.oasgames.com.,A,107.191.35.83,
quest5.oasgames.com.,A,107.191.35.14,
quest6.oasgames.com.,A,107.191.35.83,
quest9.oasgames.com.,A,107.191.35.22,
questog0.oasgames.com.,A,46.4.93.52,
assist0.rcddt.oasgames.com.,A,124.205.35.133,
ddtgame0.rcddt.oasgames.com.,A,124.205.35.133,
quest0.rcddt.oasgames.com.,A,124.205.35.133,
res0.rcddt.oasgames.com.,A,124.205.35.133,
s0.rcddt.oasgames.com.,A,124.205.35.133,
regiontank.oasgames.com.,A,107.191.33.45,
res0.oasgames.com.,A,124.205.35.143,
res102sqpt.oasgames.com.,A,216.155.155.150,
res103loar.oasgames.com.,A,185.19.219.212,
res103sqsa.oasgames.com.,A,107.191.35.132,
res104loar.oasgames.com.,A,185.19.217.218,
res106sqna.oasgames.com.,A,216.155.155.152,
res107sqsa.oasgames.com.,A,216.155.153.243,
res108loar.oasgames.com.,A,185.19.217.218,
res108pt.oasgames.com.,A,107.191.33.162,
res10oas.oasgames.com.,A,107.191.35.86,
res10sqpt.oasgames.com.,A,216.155.155.149,
res114sqpt.oasgames.com.,A,216.155.155.147,
res115oastr.oasgames.com.,A,185.19.217.44,
res121oas.oasgames.com.,A,216.155.154.152,
res127oas.oasgames.com.,A,216.155.154.152,
res129sqsa.oasgames.com.,A,216.155.154.156,
res12sqpt.oasgames.com.,A,216.155.155.150,
res130sqpt.oasgames.com.,A,107.191.35.131,
res135oastr.oasgames.com.,A,185.19.217.55,
res140sqpt.oasgames.com.,A,216.155.154.149,
res146oastr.oasgames.com.,A,185.19.217.49,
res149oastr.oasgames.com.,A,185.19.217.55,
res151sqsa.oasgames.com.,A,107.191.35.130,
res156lotr.oasgames.com.,A,185.19.216.154,
res157sqpt.oasgames.com.,A,107.191.34.92,
res15sqsa.oasgames.com.,A,216.155.154.155,
res16.oasgames.com.,A,107.191.35.83,
res161lotr.oasgames.com.,A,185.19.216.156,
res166loar.oasgames.com.,A,185.19.217.241,
res167loar.oasgames.com.,A,185.19.217.241,
res169sqpt.oasgames.com.,A,216.155.155.153,
res173oas.oasgames.com.,A,107.191.35.86,
res179oastr.oasgames.com.,A,185.19.216.157,
res182sqeu.oasgames.com.,A,185.19.217.53,
res182sqpt.oasgames.com.,A,107.191.35.134,
res188oastr.oasgames.com.,A,185.19.217.55,
res194lopl.oasgames.com.,A,185.19.219.254,
res196lopl.oasgames.com.,A,185.19.219.254,
res211sqsa.oasgames.com.,A,216.155.158.7,
res212sqna.oasgames.com.,A,216.155.155.156,
res213oastr.oasgames.com.,A,185.19.217.235,
res214sqsa.oasgames.com.,A,216.155.158.8,
res223oastr.oasgames.com.,A,185.19.217.249,
res224oastr.oasgames.com.,A,185.19.217.249,
res226sqpt.oasgames.com.,A,216.155.155.153,
res236oastr.oasgames.com.,A,185.19.217.49,
res237sqsa.oasgames.com.,A,107.191.35.21,
res239oas.oasgames.com.,A,107.191.35.85,
res239oastr.oasgames.com.,A,185.19.217.235,
res242lopl.oasgames.com.,A,185.19.219.254,
res247sqna.oasgames.com.,A,107.191.34.91,
res24losv.oasgames.com.,A,185.19.217.242,
res251sqsa.oasgames.com.,A,107.191.35.19,
res254oas.oasgames.com.,A,216.155.137.243,
res255oas.oasgames.com.,A,216.155.155.148,
res256oastr.oasgames.com.,A,185.19.217.55,
res257oastr.oasgames.com.,A,185.19.217.249,
res25lode.oasgames.com.,A,185.19.217.52,
res261oas.oasgames.com.,A,216.155.153.245,
res262oastr.oasgames.com.,A,185.19.217.235,
res268sqpt.oasgames.com.,A,216.155.155.154,
res269lopl.oasgames.com.,A,185.19.217.204,
res270lopl.oasgames.com.,A,185.19.217.204,
res273oas.oasgames.com.,A,107.191.35.85,
res27sqsa.oasgames.com.,A,107.191.34.45,
res281oastr.oasgames.com.,A,185.19.217.235,
res285oas.oasgames.com.,A,107.191.35.85,
res287oas.oasgames.com.,A,216.155.155.157,
res288sqsa.oasgames.com.,A,216.155.158.7,
res291sqsa.oasgames.com.,A,216.155.158.13,
res294oastr.oasgames.com.,A,185.19.216.157,
res294sqsa.oasgames.com.,A,216.155.158.11,
res298oas.oasgames.com.,A,107.191.34.100,
res299sqpt.oasgames.com.,A,216.155.154.149,
res2sqpt.oasgames.com.,A,107.191.34.92,
res2testlosv.oasgames.com.,A,124.232.150.165,
res302lopl.oasgames.com.,A,185.19.217.204,
res303sqpt.oasgames.com.,A,216.155.155.147,
res30lonl.oasgames.com.,A,185.19.217.236,
res30sqpt.oasgames.com.,A,107.191.35.131,
res313oastr.oasgames.com.,A,185.19.217.235,
res314oastr.oasgames.com.,A,185.19.217.235,
res318lotr.oasgames.com.,A,185.19.216.156,
res325oastr.oasgames.com.,A,185.19.216.154,
res326oastr.oasgames.com.,A,185.19.216.154,
res327oas.oasgames.com.,A,107.191.35.85,
res329sqsa.oasgames.com.,A,107.191.34.44,
res333sqsa.oasgames.com.,A,107.191.34.99,
res342sqsa.oasgames.com.,A,216.155.154.155,
res348oas.oasgames.com.,A,107.191.35.86,
res348sqna.oasgames.com.,A,107.191.35.83,
res34lode.oasgames.com.,A,185.19.217.212,
res356oas.oasgames.com.,A,216.155.155.155,
res358oas.oasgames.com.,A,216.155.153.245,
res359sqpt.oasgames.com.,A,216.155.155.149,
res365oas.oasgames.com.,A,216.155.155.148,
res365sqsa.oasgames.com.,A,216.155.154.148,
res366oas.oasgames.com.,A,216.155.155.155,
res372sqna.oasgames.com.,A,107.191.35.132,
res374sqsa.oasgames.com.,A,107.191.35.133,
res382oas.oasgames.com.,A,216.155.155.158,
res384sqsa.oasgames.com.,A,107.191.32.172,
res385oas.oasgames.com.,A,216.155.155.148,
res386oas.oasgames.com.,A,216.155.155.155,
res387oas.oasgames.com.,A,216.155.155.157,
res38losv.oasgames.com.,A,185.19.217.242,
res38oas.oasgames.com.,A,216.155.155.158,
res403oas.oasgames.com.,A,216.155.155.155,
res404oas.oasgames.com.,A,216.155.155.157,
res404sqna.oasgames.com.,A,107.191.35.132,
res405oas.oasgames.com.,A,216.155.155.158,
res406oas.oasgames.com.,A,216.155.155.148,
res406sqsa.oasgames.com.,A,107.191.35.130,
res408lotr.oasgames.com.,A,185.19.216.154,
res412sqna.oasgames.com.,A,107.191.35.87,
res414oas.oasgames.com.,A,107.191.35.86,
res428sqna.oasgames.com.,A,107.191.32.214,
res430oas.oasgames.com.,A,216.155.155.148,
res431oas.oasgames.com.,A,216.155.155.155,
res432oas.oasgames.com.,A,216.155.155.158,
res437sqsa.oasgames.com.,A,216.155.154.148,
res438sqsa.oasgames.com.,A,107.191.35.88,
res443sqsa.oasgames.com.,A,107.191.35.133,
res444oas.oasgames.com.,A,107.191.35.86,
res444sqna.oasgames.com.,A,107.191.35.14,
res448oas.oasgames.com.,A,216.155.155.148,
res449oas.oasgames.com.,A,216.155.155.155,
res456oas.oasgames.com.,A,216.155.158.13,
res457oas.oasgames.com.,A,107.191.35.22,
res458oas.oasgames.com.,A,107.191.35.22,
res468sqpt.oasgames.com.,A,216.155.155.154,
res472oas.oasgames.com.,A,216.155.155.148,
res473oas.oasgames.com.,A,216.155.155.155,
res475sqsa.oasgames.com.,A,216.155.153.243,
res476lotr.oasgames.com.,A,185.19.216.154,
res479sqsa.oasgames.com.,A,216.155.154.156,
res480sqna.oasgames.com.,A,216.155.158.9,
res482oas.oasgames.com.,A,107.191.35.22,
res483oas.oasgames.com.,A,107.191.35.22,
res483sqpt.oasgames.com.,A,216.155.155.149,
res485sqsa.oasgames.com.,A,107.191.35.20,
res487oas.oasgames.com.,A,216.155.155.158,
res487sqsa.oasgames.com.,A,107.191.35.22,
res490lotr.oasgames.com.,A,185.19.217.206,
res492lotr.oasgames.com.,A,185.19.217.206,
res492oas.oasgames.com.,A,216.155.155.155,
res492sqna.oasgames.com.,A,107.191.35.133,
res493oas.oasgames.com.,A,216.155.155.148,
res494lotr.oasgames.com.,A,185.19.216.155,
res494sqsa.oasgames.com.,A,216.155.153.243,
res496lotr.oasgames.com.,A,185.19.216.155,
res498lotr.oasgames.com.,A,185.19.218.117,
res498oas.oasgames.com.,A,107.191.35.86,
res499oas.oasgames.com.,A,216.155.155.157,
res4sqna.oasgames.com.,A,107.191.34.102,
res5.oasgames.com.,A,107.191.35.14,
res500oas.oasgames.com.,A,216.155.154.154,
res500sqpt.oasgames.com.,A,216.155.155.154,
res505oas.oasgames.com.,A,107.191.35.22,
res508lotr.oasgames.com.,A,185.19.217.199,
res509oas.oasgames.com.,A,216.155.155.158,
res509sqpt.oasgames.com.,A,107.191.34.43,
res50lode.oasgames.com.,A,185.19.217.212,
res510sqpt.oasgames.com.,A,107.191.35.131,
res511sqsa.oasgames.com.,A,107.191.32.172,
res512lotr.oasgames.com.,A,185.19.217.219,
res512sqsa.oasgames.com.,A,107.191.35.89,
res513sqsa.oasgames.com.,A,107.191.32.174,
res515oas.oasgames.com.,A,216.155.155.148,
res515sqsa.oasgames.com.,A,107.191.35.89,
res517sqsa.oasgames.com.,A,107.191.32.174,
res519sqsa.oasgames.com.,A,107.191.34.102,
res51sqpt.oasgames.com.,A,216.155.155.153,
res51sqsa.oasgames.com.,A,107.191.35.19,
res522sqpt.oasgames.com.,A,216.155.155.150,
res523sqsa.oasgames.com.,A,107.191.34.101,
res525sqsa.oasgames.com.,A,107.191.32.171,
res526sqeu.oasgames.com.,A,185.19.217.39,
res527sqsa.oasgames.com.,A,107.191.32.180,
res528sqna.oasgames.com.,A,107.191.35.13,
res529sqsa.oasgames.com.,A,107.191.32.213,
res52lonl.oasgames.com.,A,185.19.217.236,
res532sqeu.oasgames.com.,A,185.19.217.39,
res534sqna.oasgames.com.,A,107.191.35.13,
res53oastr.oasgames.com.,A,185.19.217.44,
res544sqpt.oasgames.com.,A,216.155.155.149,
res546sqna.oasgames.com.,A,216.155.158.9,
res549lotr.oasgames.com.,A,185.19.217.220,
res551sqsa.oasgames.com.,A,107.191.34.44,
res553sqsa.oasgames.com.,A,107.191.34.45,
res558sqpt.oasgames.com.,A,216.155.155.150,
res55lode.oasgames.com.,A,185.19.217.212,
res55sqpt.oasgames.com.,A,107.191.35.134,
res565sqsa.oasgames.com.,A,107.191.35.132,
res566sqpt.oasgames.com.,A,216.155.155.150,
res567sqpt.oasgames.com.,A,216.155.155.153,
res571sqsa.oasgames.com.,A,216.155.158.8,
res573sqpt.oasgames.com.,A,107.191.34.43,
res573sqsa.oasgames.com.,A,107.191.35.20,
res587sqpt.oasgames.com.,A,107.191.35.131,
res589sqpt.oasgames.com.,A,216.155.154.149,
res591sqpt.oasgames.com.,A,216.155.155.147,
res596sqpt.oasgames.com.,A,216.155.155.150,
res59sqpt.oasgames.com.,A,107.191.34.43,
res5sqeu.oasgames.com.,A,185.19.217.226,
res6.oasgames.com.,A,107.191.35.83,
res600sqna.oasgames.com.,A,107.191.32.179,
res600sqpt.oasgames.com.,A,216.155.154.149,
res605sqsa.oasgames.com.,A,216.155.154.148,
res606sqpt.oasgames.com.,A,216.155.155.150,
res610sqpt.oasgames.com.,A,107.191.35.131,
res611sqpt.oasgames.com.,A,216.155.155.147,
res611sqsa.oasgames.com.,A,216.155.154.155,
res613sqsa.oasgames.com.,A,107.191.35.133,
res616sqsa.oasgames.com.,A,107.191.34.44,
res617sqna.oasgames.com.,A,107.191.35.13,
res623sqsa.oasgames.com.,A,216.155.154.156,
res624lotr.oasgames.com.,A,185.19.217.220,
res625sqpt.oasgames.com.,A,216.155.155.147,
res627sqpt.oasgames.com.,A,107.191.35.131,
res628sqsa.oasgames.com.,A,107.191.32.171,
res635sqpt.oasgames.com.,A,216.155.155.150,
res638sqpt.oasgames.com.,A,216.155.155.147,
res63lode.oasgames.com.,A,185.19.217.212,
res643sqsa.oasgames.com.,A,107.191.32.171,
res647lotr.oasgames.com.,A,185.19.217.199,
res647sqna.oasgames.com.,A,107.191.35.13,
res647sqpt.oasgames.com.,A,107.191.35.131,
res648lotr.oasgames.com.,A,185.19.217.206,
res649lotr.oasgames.com.,A,185.19.217.219,
res64oas.oasgames.com.,A,216.155.155.158,
res650lotr.oasgames.com.,A,185.19.216.155,
res651lotr.oasgames.com.,A,185.19.218.117,
res653sqsa.oasgames.com.,A,107.191.32.172,
res659sqsa.oasgames.com.,A,107.191.32.174,
res65oastr.oasgames.com.,A,185.19.216.157,
res661sqsa.oasgames.com.,A,107.191.32.174,
res663sqsa.oasgames.com.,A,107.191.32.213,
res674sqsa.oasgames.com.,A,107.191.35.20,
res675sqeu.oasgames.com.,A,185.19.217.39,
res678sqsa.oasgames.com.,A,216.155.158.8,
res680lotr.oasgames.com.,A,185.19.217.199,
res694sqsa.oasgames.com.,A,107.191.35.89,
res697sqna.oasgames.com.,A,107.191.35.13,
res705sqna.oasgames.com.,A,107.191.32.179,
res708sqsa.oasgames.com.,A,107.191.34.44,
res717sqna.oasgames.com.,A,216.155.155.152,
res720lotr.oasgames.com.,A,185.19.216.156,
res721lotr.oasgames.com.,A,185.19.216.154,
res723lotr.oasgames.com.,A,185.19.216.154,
res724lotr.oasgames.com.,A,185.19.217.199,
res725lotr.oasgames.com.,A,185.19.217.206,
res733sqna.oasgames.com.,A,107.191.35.133,
res73oas.oasgames.com.,A,216.155.155.157,
res752sqsa.oasgames.com.,A,107.191.32.171,
res754sqsa.oasgames.com.,A,107.191.32.174,
res766sqsa.oasgames.com.,A,107.191.35.20,
res767sqeu.oasgames.com.,A,185.19.217.39,
res768sqsa.oasgames.com.,A,107.191.35.89,
res776sqsa.oasgames.com.,A,107.191.32.172,
res782sqsa.oasgames.com.,A,216.155.154.155,
res784sqsa.oasgames.com.,A,216.155.154.156,
res789sqsa.oasgames.com.,A,107.191.34.44,
res794sqsa.oasgames.com.,A,107.191.35.20,
res810sqsa.oasgames.com.,A,107.191.32.174,
res812sqsa.oasgames.com.,A,216.155.154.155,
res842sqsa.oasgames.com.,A,216.155.154.155,
res862sqsa.oasgames.com.,A,107.191.35.20,
res875sqsa.oasgames.com.,A,107.191.34.44,
res883sqsa.oasgames.com.,A,216.155.154.155,
res885sqsa.oasgames.com.,A,107.191.35.20,
res895sqsa.oasgames.com.,A,107.191.32.174,
res896sqna.oasgames.com.,A,107.191.34.99,
res89oas.oasgames.com.,A,216.155.155.148,
res9.oasgames.com.,A,107.191.35.22,
res9oastr.oasgames.com.,A,185.19.216.157,
res9sqsa.oasgames.com.,A,216.155.153.243,
reskspt.oasgames.com.,A,216.155.155.164,
reslepl.oasgames.com.,A,46.248.173.201,
resog0.oasgames.com.,A,46.4.93.52,
restest2lonl.oasgames.com.,A,124.205.66.72,
reztesttkt.oasgames.com.,A,124.205.35.158,
ru.oasgames.com.,A,52.25.124.174,
s0-caes.oasgames.com.,A,216.155.158.10,
s0-catr.oasgames.com.,A,185.19.219.212,
s0.oasgames.com.,A,124.205.35.143,
s00mtbpt.oasgames.com.,A,124.205.35.150,
s1000akpl.oasgames.com.,A,185.19.219.134,
s102sqpt.oasgames.com.,A,216.155.155.150,
s103loar.oasgames.com.,A,185.19.219.212,
s103sqsa.oasgames.com.,A,107.191.35.132,
s104loar.oasgames.com.,A,185.19.217.218,
s106sqna.oasgames.com.,A,216.155.155.152,
s107sqsa.oasgames.com.,A,216.155.153.243,
s108loar.oasgames.com.,A,185.19.217.218,
s108pt.oasgames.com.,A,107.191.33.162,
s10akes.oasgames.com.,A,216.155.134.86,
s10aktr.oasgames.com.,A,185.19.217.247,
s10oas.oasgames.com.,A,107.191.35.86,
s10sqpt.oasgames.com.,A,216.155.155.149,
s114sqpt.oasgames.com.,A,216.155.155.147,
s115oastr.oasgames.com.,A,185.19.217.44,
s11aktr.oasgames.com.,A,185.19.217.247,
s12-casa.oasgames.com.,A,216.155.158.12,
s121oas.oasgames.com.,A,216.155.154.152,
s127oas.oasgames.com.,A,216.155.154.152,
s129sqsa.oasgames.com.,A,216.155.154.156,
s12aktr.oasgames.com.,A,185.19.217.248,
s12sqpt.oasgames.com.,A,216.155.155.150,
s130sqpt.oasgames.com.,A,107.191.35.131,
s135oastr.oasgames.com.,A,185.19.217.55,
s13akpl.oasgames.com.,A,185.19.216.158,
s13aktr.oasgames.com.,A,185.19.217.248,
s140sqpt.oasgames.com.,A,216.155.154.149,
s146oastr.oasgames.com.,A,185.19.217.49,
s149oastr.oasgames.com.,A,185.19.217.55,
s14akpl.oasgames.com.,A,185.19.216.158,
s14aktr.oasgames.com.,A,185.19.219.234,
s151sqsa.oasgames.com.,A,107.191.35.130,
s156lotr.oasgames.com.,A,185.19.216.154,
s157sqpt.oasgames.com.,A,107.191.34.92,
s15akpl.oasgames.com.,A,185.19.216.158,
s15sqsa.oasgames.com.,A,216.155.154.155,
s16.oasgames.com.,A,107.191.35.83,
s161lotr.oasgames.com.,A,185.19.216.156,
s166loar.oasgames.com.,A,185.19.217.241,
s167loar.oasgames.com.,A,185.19.217.241,
s169sqpt.oasgames.com.,A,216.155.155.153,
s16akes.oasgames.com.,A,107.191.32.173,
s16aktr.oasgames.com.,A,185.19.217.248,
s16letr.oasgames.com.,A,185.19.217.56,
s173oas.oasgames.com.,A,107.191.35.86,
s179oastr.oasgames.com.,A,185.19.216.157,
s17akes.oasgames.com.,A,107.191.32.173,
s17akpl.oasgames.com.,A,185.19.216.158,
s17letr.oasgames.com.,A,185.19.217.239,
s182sqeu.oasgames.com.,A,185.19.217.53,
s182sqpt.oasgames.com.,A,107.191.35.134,
s188oastr.oasgames.com.,A,185.19.217.55,
s19-casa.oasgames.com.,A,216.155.155.165,
s194lopl.oasgames.com.,A,185.19.219.254,
s196lopl.oasgames.com.,A,185.19.219.254,
s19akes.oasgames.com.,A,107.191.32.173,
s1akes.oasgames.com.,A,216.155.134.86,
s1akpl.oasgames.com.,A,185.19.217.41,
s1katr.oasgames.com.,A,185.19.219.234,
s1kspt.oasgames.com.,A,216.155.148.7,
s1letr.oasgames.com.,A,185.19.217.56,
s1slen.oasgames.com.,A,216.155.155.164,
s20-casa.oasgames.com.,A,216.155.155.166,
s20akes.oasgames.com.,A,107.191.32.173,
s211sqsa.oasgames.com.,A,216.155.158.7,
s212sqna.oasgames.com.,A,216.155.155.156,
s213oastr.oasgames.com.,A,185.19.217.235,
s214sqsa.oasgames.com.,A,216.155.158.8,
s21akpl.oasgames.com.,A,185.19.217.41,
s22-casa.oasgames.com.,A,107.191.34.100,
s223oastr.oasgames.com.,A,185.19.217.249,
s224oastr.oasgames.com.,A,185.19.217.249,
s226sqpt.oasgames.com.,A,216.155.155.153,
s23-casa.oasgames.com.,A,216.155.155.156,
s236oastr.oasgames.com.,A,185.19.217.49,
s237sqsa.oasgames.com.,A,107.191.35.21,
s239oas.oasgames.com.,A,107.191.35.85,
s239oastr.oasgames.com.,A,185.19.217.235,
s242lopl.oasgames.com.,A,185.19.219.254,
s247sqna.oasgames.com.,A,107.191.34.91,
s24losv.oasgames.com.,A,185.19.217.242,
s251sqsa.oasgames.com.,A,107.191.35.19,
s254oas.oasgames.com.,A,216.155.137.243,
s255oas.oasgames.com.,A,216.155.155.148,
s256oastr.oasgames.com.,A,185.19.217.55,
s257oastr.oasgames.com.,A,185.19.217.249,
s25lode.oasgames.com.,A,185.19.217.52,
s261oas.oasgames.com.,A,216.155.153.245,
s262oastr.oasgames.com.,A,185.19.217.235,
s268sqpt.oasgames.com.,A,216.155.155.154,
s269lopl.oasgames.com.,A,185.19.217.204,
s270lopl.oasgames.com.,A,185.19.217.204,
s273oas.oasgames.com.,A,107.191.35.85,
s27sqsa.oasgames.com.,A,107.191.34.45,
s28-capl.oasgames.com.,A,185.19.217.203,
s281oastr.oasgames.com.,A,185.19.217.235,
s285oas.oasgames.com.,A,107.191.35.85,
s287oas.oasgames.com.,A,216.155.155.157,
s288sqsa.oasgames.com.,A,216.155.158.7,
s29-casa.oasgames.com.,A,107.191.33.43,
s291sqsa.oasgames.com.,A,216.155.158.13,
s294oastr.oasgames.com.,A,185.19.216.157,
s294sqsa.oasgames.com.,A,216.155.158.11,
s298oas.oasgames.com.,A,107.191.34.100,
s299sqpt.oasgames.com.,A,216.155.154.149,
s2akes.oasgames.com.,A,216.155.134.86,
s2akpl.oasgames.com.,A,185.19.217.41,
s2letr.oasgames.com.,A,185.19.217.239,
s2sqpt.oasgames.com.,A,107.191.34.92,
s2testlosv.oasgames.com.,A,124.232.150.165,
s3-casa.oasgames.com.,A,216.155.154.150,
s30-casa.oasgames.com.,A,107.191.33.44,
s302lopl.oasgames.com.,A,185.19.217.204,
s303sqpt.oasgames.com.,A,216.155.155.147,
s30lonl.oasgames.com.,A,185.19.217.236,
s30sqpt.oasgames.com.,A,107.191.35.131,
s313oastr.oasgames.com.,A,185.19.217.235,
s314oastr.oasgames.com.,A,185.19.217.235,
s318lotr.oasgames.com.,A,185.19.216.156,
s325oastr.oasgames.com.,A,185.19.216.154,
s326oastr.oasgames.com.,A,185.19.216.154,
s327oas.oasgames.com.,A,107.191.35.85,
s329sqsa.oasgames.com.,A,107.191.34.44,
s333sqsa.oasgames.com.,A,107.191.34.99,
s342sqsa.oasgames.com.,A,216.155.154.155,
s348oas.oasgames.com.,A,107.191.35.86,
s348sqna.oasgames.com.,A,107.191.35.83,
s34lode.oasgames.com.,A,185.19.217.212,
s356oas.oasgames.com.,A,216.155.155.155,
s358oas.oasgames.com.,A,216.155.153.245,
s359sqpt.oasgames.com.,A,216.155.155.149,
s365oas.oasgames.com.,A,216.155.155.148,
s365sqsa.oasgames.com.,A,216.155.154.148,
s366oas.oasgames.com.,A,216.155.155.155,
s372sqna.oasgames.com.,A,107.191.35.132,
s374sqsa.oasgames.com.,A,107.191.35.133,
s38-casa.oasgames.com.,A,107.191.34.100,
s382oas.oasgames.com.,A,216.155.155.158,
s384sqsa.oasgames.com.,A,107.191.32.172,
s385oas.oasgames.com.,A,216.155.155.148,
s386oas.oasgames.com.,A,216.155.155.155,
s387oas.oasgames.com.,A,216.155.155.157,
s38losv.oasgames.com.,A,185.19.217.242,
s38oas.oasgames.com.,A,216.155.155.158,
s3akpl.oasgames.com.,A,185.19.217.41,
s3kssa.oasgames.com.,A,216.155.136.75,
s403oas.oasgames.com.,A,216.155.155.155,
s404oas.oasgames.com.,A,216.155.155.157,
s404sqna.oasgames.com.,A,107.191.35.132,
s405oas.oasgames.com.,A,216.155.155.158,
s406oas.oasgames.com.,A,216.155.155.148,
s406sqsa.oasgames.com.,A,107.191.35.130,
s408lotr.oasgames.com.,A,185.19.216.154,
s412sqna.oasgames.com.,A,107.191.35.87,
s414oas.oasgames.com.,A,107.191.35.86,
s428sqna.oasgames.com.,A,107.191.32.214,
s430oas.oasgames.com.,A,216.155.155.148,
s431oas.oasgames.com.,A,216.155.155.155,
s432oas.oasgames.com.,A,216.155.155.158,
s437sqsa.oasgames.com.,A,216.155.154.148,
s438sqsa.oasgames.com.,A,107.191.35.88,
s443sqsa.oasgames.com.,A,107.191.35.133,
s444oas.oasgames.com.,A,107.191.35.86,
s444sqna.oasgames.com.,A,107.191.35.14,
s448oas.oasgames.com.,A,216.155.155.148,
s449oas.oasgames.com.,A,216.155.155.155,
s456oas.oasgames.com.,A,216.155.158.13,
s457oas.oasgames.com.,A,107.191.35.22,
s458oas.oasgames.com.,A,107.191.35.22,
s468sqpt.oasgames.com.,A,216.155.155.154,
s472oas.oasgames.com.,A,216.155.155.148,
s473oas.oasgames.com.,A,216.155.155.155,
s475sqsa.oasgames.com.,A,216.155.153.243,
s476lotr.oasgames.com.,A,185.19.216.154,
s479sqsa.oasgames.com.,A,216.155.154.156,
s480sqna.oasgames.com.,A,216.155.158.9,
s482oas.oasgames.com.,A,107.191.35.22,
s483oas.oasgames.com.,A,107.191.35.22,
s483sqpt.oasgames.com.,A,216.155.155.149,
s485sqsa.oasgames.com.,A,107.191.35.20,
s487oas.oasgames.com.,A,216.155.155.158,
s487sqsa.oasgames.com.,A,107.191.35.22,
s490lotr.oasgames.com.,A,185.19.217.206,
s492lotr.oasgames.com.,A,185.19.217.206,
s492oas.oasgames.com.,A,216.155.155.155,
s492sqna.oasgames.com.,A,107.191.35.133,
s493oas.oasgames.com.,A,216.155.155.148,
s494lotr.oasgames.com.,A,185.19.216.155,
s494sqsa.oasgames.com.,A,216.155.153.243,
s496lotr.oasgames.com.,A,185.19.216.155,
s498lotr.oasgames.com.,A,185.19.218.117,
s498oas.oasgames.com.,A,107.191.35.86,
s499oas.oasgames.com.,A,216.155.155.157,
s4akpl.oasgames.com.,A,185.19.217.41,
s4sqna.oasgames.com.,A,107.191.34.102,
s5.oasgames.com.,A,107.191.35.14,
s500oas.oasgames.com.,A,216.155.154.154,
s500sqpt.oasgames.com.,A,216.155.155.154,
s505oas.oasgames.com.,A,107.191.35.22,
s508lotr.oasgames.com.,A,185.19.217.199,
s509oas.oasgames.com.,A,216.155.155.158,
s509sqpt.oasgames.com.,A,107.191.34.43,
s50lode.oasgames.com.,A,185.19.217.212,
s510sqpt.oasgames.com.,A,107.191.35.131,
s511sqsa.oasgames.com.,A,107.191.32.172,
s512lotr.oasgames.com.,A,185.19.217.219,
s512sqsa.oasgames.com.,A,107.191.35.89,
s513sqsa.oasgames.com.,A,107.191.32.174,
s515oas.oasgames.com.,A,216.155.155.148,
s515sqsa.oasgames.com.,A,107.191.35.89,
s517sqsa.oasgames.com.,A,107.191.32.174,
s519sqsa.oasgames.com.,A,107.191.34.102,
s51sqpt.oasgames.com.,A,216.155.155.153,
s51sqsa.oasgames.com.,A,107.191.35.19,
s522sqpt.oasgames.com.,A,216.155.155.150,
s523sqsa.oasgames.com.,A,107.191.34.101,
s525sqsa.oasgames.com.,A,107.191.32.171,
s526sqeu.oasgames.com.,A,185.19.217.39,
s527sqsa.oasgames.com.,A,107.191.32.180,
s528sqna.oasgames.com.,A,107.191.35.13,
s529sqsa.oasgames.com.,A,107.191.32.213,
s52lonl.oasgames.com.,A,185.19.217.236,
s532sqeu.oasgames.com.,A,185.19.217.39,
s534sqna.oasgames.com.,A,107.191.35.13,
s53oastr.oasgames.com.,A,185.19.217.44,
s544sqpt.oasgames.com.,A,216.155.155.149,
s546sqna.oasgames.com.,A,216.155.158.9,
s549lotr.oasgames.com.,A,185.19.217.220,
s551sqsa.oasgames.com.,A,107.191.34.44,
s553sqsa.oasgames.com.,A,107.191.34.45,
s558sqpt.oasgames.com.,A,216.155.155.150,
s55lode.oasgames.com.,A,185.19.217.212,
s55sqpt.oasgames.com.,A,107.191.35.134,
s565sqsa.oasgames.com.,A,107.191.35.132,
s566sqpt.oasgames.com.,A,216.155.155.150,
s567sqpt.oasgames.com.,A,216.155.155.153,
s571sqsa.oasgames.com.,A,216.155.158.8,
s573sqpt.oasgames.com.,A,107.191.34.43,
s573sqsa.oasgames.com.,A,107.191.35.20,
s587sqpt.oasgames.com.,A,107.191.35.131,
s589sqpt.oasgames.com.,A,216.155.154.149,
s591sqpt.oasgames.com.,A,216.155.155.147,
s596sqpt.oasgames.com.,A,216.155.155.150,
s59sqpt.oasgames.com.,A,107.191.34.43,
s5aktr.oasgames.com.,A,185.19.219.234,
s5letr.oasgames.com.,A,185.19.217.236,
s5sqeu.oasgames.com.,A,185.19.217.226,
s6-capl.oasgames.com.,A,185.19.216.52,
s6-casa.oasgames.com.,A,107.191.32.211,
s6.oasgames.com.,A,107.191.35.83,
s600sqna.oasgames.com.,A,107.191.32.179,
s600sqpt.oasgames.com.,A,216.155.154.149,
s605sqsa.oasgames.com.,A,216.155.154.148,
s606sqpt.oasgames.com.,A,216.155.155.150,
s610sqpt.oasgames.com.,A,107.191.35.131,
s611sqpt.oasgames.com.,A,216.155.155.147,
s611sqsa.oasgames.com.,A,216.155.154.155,
s613sqsa.oasgames.com.,A,107.191.35.133,
s616sqsa.oasgames.com.,A,107.191.34.44,
s617sqna.oasgames.com.,A,107.191.35.13,
s623sqsa.oasgames.com.,A,216.155.154.156,
s624lotr.oasgames.com.,A,185.19.217.220,
s625sqpt.oasgames.com.,A,216.155.155.147,
s627sqpt.oasgames.com.,A,107.191.35.131,
s628sqsa.oasgames.com.,A,107.191.32.171,
s635sqpt.oasgames.com.,A,216.155.155.150,
s638sqpt.oasgames.com.,A,216.155.155.147,
s63lode.oasgames.com.,A,185.19.217.212,
s643sqsa.oasgames.com.,A,107.191.32.171,
s647lotr.oasgames.com.,A,185.19.217.199,
s647sqna.oasgames.com.,A,107.191.35.13,
s647sqpt.oasgames.com.,A,107.191.35.131,
s648lotr.oasgames.com.,A,185.19.217.206,
s649lotr.oasgames.com.,A,185.19.217.219,
s64oas.oasgames.com.,A,216.155.155.158,
s650lotr.oasgames.com.,A,185.19.216.155,
s651lotr.oasgames.com.,A,185.19.218.117,
s653sqsa.oasgames.com.,A,107.191.32.172,
s659sqsa.oasgames.com.,A,107.191.32.174,
s65oastr.oasgames.com.,A,185.19.216.157,
s661sqsa.oasgames.com.,A,107.191.32.174,
s663sqsa.oasgames.com.,A,107.191.32.213,
s674sqsa.oasgames.com.,A,107.191.35.20,
s675sqeu.oasgames.com.,A,185.19.217.39,
s678sqsa.oasgames.com.,A,216.155.158.8,
s680lotr.oasgames.com.,A,185.19.217.199,
s694sqsa.oasgames.com.,A,107.191.35.89,
s697sqna.oasgames.com.,A,107.191.35.13,
s6aktr.oasgames.com.,A,185.19.219.234,
s6letr.oasgames.com.,A,185.19.217.38,
s7-capl.oasgames.com.,A,185.19.216.53,
s7-casa.oasgames.com.,A,216.155.155.163,
s705sqna.oasgames.com.,A,107.191.32.179,
s708sqsa.oasgames.com.,A,107.191.34.44,
s717sqna.oasgames.com.,A,216.155.155.152,
s720lotr.oasgames.com.,A,185.19.216.156,
s721lotr.oasgames.com.,A,185.19.216.154,
s723lotr.oasgames.com.,A,185.19.216.154,
s724lotr.oasgames.com.,A,185.19.217.199,
s725lotr.oasgames.com.,A,185.19.217.206,
s733sqna.oasgames.com.,A,107.191.35.133,
s73oas.oasgames.com.,A,216.155.155.157,
s752sqsa.oasgames.com.,A,107.191.32.171,
s754sqsa.oasgames.com.,A,107.191.32.174,
s766sqsa.oasgames.com.,A,107.191.35.20,
s767sqeu.oasgames.com.,A,185.19.217.39,
s768sqsa.oasgames.com.,A,107.191.35.89,
s776sqsa.oasgames.com.,A,107.191.32.172,
s782sqsa.oasgames.com.,A,216.155.154.155,
s784sqsa.oasgames.com.,A,216.155.154.156,
s789sqsa.oasgames.com.,A,107.191.34.44,
s794sqsa.oasgames.com.,A,107.191.35.20,
s7akes.oasgames.com.,A,216.155.134.86,
s7aktr.oasgames.com.,A,185.19.219.234,
s810sqsa.oasgames.com.,A,107.191.32.174,
s812sqsa.oasgames.com.,A,216.155.154.155,
s842sqsa.oasgames.com.,A,216.155.154.155,
s862sqsa.oasgames.com.,A,107.191.35.20,
s875sqsa.oasgames.com.,A,107.191.34.44,
s883sqsa.oasgames.com.,A,216.155.154.155,
s885sqsa.oasgames.com.,A,107.191.35.20,
s895sqsa.oasgames.com.,A,107.191.32.174,
s896sqna.oasgames.com.,A,107.191.34.99,
s89oas.oasgames.com.,A,216.155.155.148,
s8aktr.oasgames.com.,A,185.19.219.234,
s8letr.oasgames.com.,A,185.19.217.218,
s9.oasgames.com.,A,107.191.35.22,
s999akpl.oasgames.com.,A,185.19.219.134,
s999irpt.oasgames.com.,A,124.205.35.137,
s9aktr.oasgames.com.,A,185.19.217.247,
s9oastr.oasgames.com.,A,185.19.216.157,
s9sqsa.oasgames.com.,A,216.155.153.243,
a.sctr.oasgames.com.,A,54.84.196.240,
shop.oasgames.com.,A,52.88.5.21,
adm.shop.oasgames.com.,A,52.88.5.21,
a.slen.oasgames.com.,A,54.84.196.240,
sog0.oasgames.com.,A,46.4.93.52,
a.sosde.oasgames.com.,A,54.84.196.240,
sq-iplist.oasgames.com.,A,185.19.217.240,
stest1katr.oasgames.com.,A,185.19.219.229,
stest2lonl.oasgames.com.,A,124.205.66.72,
stestksde.oasgames.com.,A,124.205.66.71,
stestkses.oasgames.com.,A,124.205.66.75,
stestkspt.oasgames.com.,A,124.205.66.76,
stestkstr.oasgames.com.,A,124.205.66.78,
support.oasgames.com.,A,52.24.73.40,
adm.support.oasgames.com.,A,52.24.73.40,
survey.oasgames.com.,A,52.25.124.174,
sv.oasgames.com.,A,52.25.124.174,
202001.tank.oasgames.com.,A,107.191.33.45,
admin.tank.oasgames.com.,A,107.191.33.45,
auth.tank.oasgames.com.,A,107.191.33.45,
dycnf.tank.oasgames.com.,A,107.191.33.45,
db.g1.tank.oasgames.com.,A,107.191.33.45,
s1.g1.tank.oasgames.com.,A,107.191.33.44,
s2.g1.tank.oasgames.com.,A,107.191.33.43,
gmop.tank.oasgames.com.,A,107.191.33.45,
league.tank.oasgames.com.,A,107.191.33.45,
regop.tank.oasgames.com.,A,107.191.33.45,
sad001.tank.oasgames.com.,A,107.191.33.45,
sag001.tank.oasgames.com.,A,107.191.33.44,
sag002.tank.oasgames.com.,A,107.191.33.43,
smanage.tank.oasgames.com.,A,107.191.33.45,
svc.tank.oasgames.com.,A,107.191.33.45,
apisdk.mobile.test.oasgames.com.,A,124.205.35.157,
arapp.mobile.test.oasgames.com.,A,124.205.35.157,
safety.mobile.test.oasgames.com.,A,124.205.35.157,
testclientirpt.oasgames.com.,A,124.205.35.137,
testkftr.oasgames.com.,A,124.232.150.239,
202999.testtkt.oasgames.com.,A,124.205.35.158,
admin.testtkt.oasgames.com.,A,124.205.35.158,
auth.testtkt.oasgames.com.,A,124.205.35.158,
dycnf.testtkt.oasgames.com.,A,124.205.35.158,
db.g999.testtkt.oasgames.com.,A,124.205.35.158,
s1.g999.testtkt.oasgames.com.,A,124.205.35.158,
gmop.testtkt.oasgames.com.,A,124.205.35.158,
league.testtkt.oasgames.com.,A,124.205.35.158,
regionapi.testtkt.oasgames.com.,A,124.205.35.158,
regop.testtkt.oasgames.com.,A,124.205.35.158,
rez.testtkt.oasgames.com.,A,124.205.35.158,
smanage.testtkt.oasgames.com.,A,124.205.35.158,
svc.testtkt.oasgames.com.,A,124.205.35.158,
tr.oasgames.com.,A,52.25.124.174,
assist1.trjg.oasgames.com.,A,185.19.218.74,
assist10.trjg.oasgames.com.,A,185.19.219.212,
assist12.trjg.oasgames.com.,A,185.19.219.210,
assist13.trjg.oasgames.com.,A,185.19.219.214,
assist3.trjg.oasgames.com.,A,185.19.217.58,
assist4.trjg.oasgames.com.,A,185.19.219.211,
assist5.trjg.oasgames.com.,A,185.19.219.212,
assist6.trjg.oasgames.com.,A,185.19.219.213,
assist7.trjg.oasgames.com.,A,185.19.219.212,
order.trjg.oasgames.com.,A,185.19.218.77,
res1.trjg.oasgames.com.,A,185.19.218.74,
res10.trjg.oasgames.com.,A,185.19.219.212,
res12.trjg.oasgames.com.,A,185.19.219.210,
res13.trjg.oasgames.com.,A,185.19.219.214,
res3.trjg.oasgames.com.,A,185.19.217.58,
res4.trjg.oasgames.com.,A,185.19.219.211,
res5.trjg.oasgames.com.,A,185.19.219.212,
res6.trjg.oasgames.com.,A,185.19.219.213,
res7.trjg.oasgames.com.,A,185.19.219.212,
s1.trjg.oasgames.com.,A,185.19.218.74,
s10.trjg.oasgames.com.,A,185.19.219.212,
s12.trjg.oasgames.com.,A,185.19.219.210,
s13.trjg.oasgames.com.,A,185.19.219.214,
s3.trjg.oasgames.com.,A,185.19.217.58,
s4.trjg.oasgames.com.,A,185.19.219.211,
s5.trjg.oasgames.com.,A,185.19.219.212,
s6.trjg.oasgames.com.,A,185.19.219.213,
s7.trjg.oasgames.com.,A,185.19.219.212,
tw.oasgames.com.,A,52.25.124.174,
ua1-catr.oasgames.com.,A,185.19.217.218,
ua5-casa.oasgames.com.,A,107.191.32.214,
ua6-casa.oasgames.com.,A,107.191.35.87,
ub1-casa.oasgames.com.,A,216.155.155.156,
ub5-casa.oasgames.com.,A,216.155.158.12,
vipcore.oasgames.com.,A,52.24.73.40,
adm.vipcore.oasgames.com.,A,52.24.73.40,
vipsac.oasgames.com.,A,52.86.187.230,
a.wftr.oasgames.com.,A,54.84.196.240,
zg-ts.oasgames.com.,A,124.205.35.155,
a.zgtw.oasgames.com.,A,54.84.196.240,
zh.oasgames.com.,A,52.25.124.174,
awsziyuan-test.ermaydani.com.,A,52.29.60.156,
bmaws.ermaydani.com.,A,52.91.233.229,
cdn-resource.ermaydani.com.,A,52.91.233.229,
euaws.ermaydani.com.,A,52.29.60.156,
euve.ermaydani.com.,A,185.19.219.130,
lp.ninjaol.com.,A,52.73.128.146,
apisdk.mobile.ninjaol.com.,A,52.73.128.146,
pay.ninjaol.com.,A,52.72.25.160,
apisdk.mobile.test.ninjaol.com.,A,124.205.35.157,
naruto-online.tv.,A,52.27.245.68,
narutoonline.tv.,A,52.27.245.68,
